items,support,ordered_statistics
"frozenset({'public', 'access'})",0.006275410995227152,"[OrderedStatistic(items_base=frozenset({'access'}), items_add=frozenset({'public'}), confidence=0.4303030303030303, lift=32.67415090502339), OrderedStatistic(items_base=frozenset({'public'}), items_add=frozenset({'access'}), confidence=0.47651006711409394, lift=32.67415090502339)]"
"frozenset({'unix', 'access'})",0.004684461728831536,"[OrderedStatistic(items_base=frozenset({'access'}), items_add=frozenset({'unix'}), confidence=0.3212121212121212, lift=39.07735418703161), OrderedStatistic(items_base=frozenset({'unix'}), items_add=frozenset({'access'}), confidence=0.5698924731182795, lift=39.0773541870316)]"
"frozenset({'articleid', 'apr'})",0.008750220965175888,"[OrderedStatistic(items_base=frozenset({'apr'}), items_add=frozenset({'articleid'}), confidence=0.5076923076923078, lift=18.351536003932175), OrderedStatistic(items_base=frozenset({'articleid'}), items_add=frozenset({'apr'}), confidence=0.31629392971246006, lift=18.35153600393217)]"
"frozenset({'articl', 'write'})",0.06469860350008838,"[OrderedStatistic(items_base=frozenset({'articl'}), items_add=frozenset({'write'}), confidence=0.6039603960396039, lift=4.835957481098428), OrderedStatistic(items_base=frozenset({'write'}), items_add=frozenset({'articl'}), confidence=0.5180467091295117, lift=4.835957481098428)]"
"frozenset({'gordon', 'bank'})",0.0066289552766484,"[OrderedStatistic(items_base=frozenset({'bank'}), items_add=frozenset({'gordon'}), confidence=0.8333333333333333, lift=117.85416666666666), OrderedStatistic(items_base=frozenset({'gordon'}), items_add=frozenset({'bank'}), confidence=0.9375, lift=117.85416666666666)]"
"frozenset({'god', 'believ'})",0.004507689588120912,"[OrderedStatistic(items_base=frozenset({'believ'}), items_add=frozenset({'god'}), confidence=0.3422818791946308, lift=12.101803691275165)]"
"frozenset({'california', 'univers'})",0.006452183135937776,"[OrderedStatistic(items_base=frozenset({'california'}), items_add=frozenset({'univers'}), confidence=0.5251798561151079, lift=3.19972261286286)]"
"frozenset({'case', 'reserv'})",0.006098638854516528,"[OrderedStatistic(items_base=frozenset({'case'}), items_add=frozenset({'reserv'}), confidence=0.3833333333333333, lift=59.41141552511415), OrderedStatistic(items_base=frozenset({'reserv'}), items_add=frozenset({'case'}), confidence=0.9452054794520548, lift=59.41141552511415)]"
"frozenset({'case', 'western'})",0.0073360438394908965,"[OrderedStatistic(items_base=frozenset({'case'}), items_add=frozenset({'western'}), confidence=0.4611111111111111, lift=39.22564745196324), OrderedStatistic(items_base=frozenset({'western'}), items_add=frozenset({'case'}), confidence=0.6240601503759399, lift=39.22564745196324)]"
"frozenset({'onlin', 'commun'})",0.0074244299098462085,"[OrderedStatistic(items_base=frozenset({'commun'}), items_add=frozenset({'onlin'}), confidence=0.48000000000000004, lift=54.30720000000001), OrderedStatistic(items_base=frozenset({'onlin'}), items_add=frozenset({'commun'}), confidence=0.8400000000000001, lift=54.3072)]"
"frozenset({'depart', 'comput'})",0.004684461728831536,"[OrderedStatistic(items_base=frozenset({'depart'}), items_add=frozenset({'comput'}), confidence=0.4108527131782946, lift=7.878623045591906)]"
"frozenset({'comput', 'engin'})",0.004596075658476224,"[OrderedStatistic(items_base=frozenset({'engin'}), items_add=frozenset({'comput'}), confidence=0.23963133640552997, lift=4.595235491681637)]"
"frozenset({'scienc', 'comput'})",0.012550821990454304,"[OrderedStatistic(items_base=frozenset({'comput'}), items_add=frozenset({'scienc'}), confidence=0.2406779661016949, lift=9.974470727013099), OrderedStatistic(items_base=frozenset({'scienc'}), items_add=frozenset({'comput'}), confidence=0.5201465201465201, lift=9.974470727013099)]"
"frozenset({'depart', 'univers'})",0.0056567085027399685,"[OrderedStatistic(items_base=frozenset({'depart'}), items_add=frozenset({'univers'}), confidence=0.496124031007752, lift=3.0226964387839024)]"
"frozenset({'univers', 'dept'})",0.005126392080608096,"[OrderedStatistic(items_base=frozenset({'dept'}), items_add=frozenset({'univers'}), confidence=0.49572649572649574, lift=3.0202744063810303)]"
"frozenset({'na', 'distribut'})",0.011136644864769313,"[OrderedStatistic(items_base=frozenset({'na'}), items_add=frozenset({'distribut'}), confidence=0.9767441860465117, lift=15.697278012684992)]"
"frozenset({'usa', 'distribut'})",0.015555948382534912,"[OrderedStatistic(items_base=frozenset({'distribut'}), items_add=frozenset({'usa'}), confidence=0.25, lift=9.183441558441558), OrderedStatistic(items_base=frozenset({'usa'}), items_add=frozenset({'distribut'}), confidence=0.5714285714285714, lift=9.183441558441558)]"
"frozenset({'distribut', 'world'})",0.017588828000707088,"[OrderedStatistic(items_base=frozenset({'distribut'}), items_add=frozenset({'world'}), confidence=0.28267045454545453, lift=10.05702365637507), OrderedStatistic(items_base=frozenset({'world'}), items_add=frozenset({'distribut'}), confidence=0.6257861635220126, lift=10.05702365637507)]"
"frozenset({'line', 'hi'})",0.00618702492487184,"[OrderedStatistic(items_base=frozenset({'hi'}), items_add=frozenset({'line'}), confidence=0.958904109589041, lift=3.8066810862773366)]"
"frozenset({'illinoi', 'univers'})",0.00618702492487184,"[OrderedStatistic(items_base=frozenset({'illinoi'}), items_add=frozenset({'univers'}), confidence=0.8235294117647058, lift=5.01745383129019)]"
"frozenset({'technolog', 'institut'})",0.011225030935124624,"[OrderedStatistic(items_base=frozenset({'institut'}), items_add=frozenset({'technolog'}), confidence=0.5450643776824035, lift=27.047624425871547), OrderedStatistic(items_base=frozenset({'technolog'}), items_add=frozenset({'institut'}), confidence=0.5570175438596491, lift=27.047624425871543)]"
"frozenset({'york', 'new'})",0.004596075658476224,"[OrderedStatistic(items_base=frozenset({'york'}), items_add=frozenset({'new'}), confidence=0.9285714285714285, lift=29.51083467094703)]"
"frozenset({'univers', 'ohio'})",0.004596075658476224,"[OrderedStatistic(items_base=frozenset({'ohio'}), items_add=frozenset({'univers'}), confidence=0.7323943661971831, lift=4.462202401268137)]"
"frozenset({'public', 'unix'})",0.004949619939897472,"[OrderedStatistic(items_base=frozenset({'public'}), items_add=frozenset({'unix'}), confidence=0.3758389261744966, lift=45.72302807245435), OrderedStatistic(items_base=frozenset({'unix'}), items_add=frozenset({'public'}), confidence=0.6021505376344086, lift=45.723028072454355)]"
"frozenset({'reserv', 'univers'})",0.00530316422131872,"[OrderedStatistic(items_base=frozenset({'reserv'}), items_add=frozenset({'univers'}), confidence=0.8219178082191781, lift=5.007634939252441)]"
"frozenset({'reserv', 'western'})",0.006098638854516528,"[OrderedStatistic(items_base=frozenset({'reserv'}), items_add=frozenset({'western'}), confidence=0.9452054794520548, lift=80.40642702647028), OrderedStatistic(items_base=frozenset({'western'}), items_add=frozenset({'reserv'}), confidence=0.518796992481203, lift=80.4064270264703)]"
"frozenset({'version', 'tin'})",0.005126392080608096,"[OrderedStatistic(items_base=frozenset({'tin'}), items_add=frozenset({'version'}), confidence=0.5686274509803922, lift=41.50613535736876), OrderedStatistic(items_base=frozenset({'version'}), items_add=frozenset({'tin'}), confidence=0.3741935483870968, lift=41.506135357368755)]"
"frozenset({'xnewsread', 'tin'})",0.008926993105886512,"[OrderedStatistic(items_base=frozenset({'tin'}), items_add=frozenset({'xnewsread'}), confidence=0.9901960784313727, lift=76.21141790049354), OrderedStatistic(items_base=frozenset({'xnewsread'}), items_add=frozenset({'tin'}), confidence=0.6870748299319728, lift=76.21141790049353)]"
"frozenset({'univers', 'virginia'})",0.005214778150963408,"[OrderedStatistic(items_base=frozenset({'virginia'}), items_add=frozenset({'univers'}), confidence=0.6145833333333333, lift=3.744424250583378)]"
"frozenset({'washington', 'univers'})",0.004507689588120912,"[OrderedStatistic(items_base=frozenset({'washington'}), items_add=frozenset({'univers'}), confidence=0.7727272727272726, lift=4.707935575463846)]"
"frozenset({'western', 'univers'})",0.007689588120912144,"[OrderedStatistic(items_base=frozenset({'western'}), items_add=frozenset({'univers'}), confidence=0.6541353383458647, lift=3.98539968661557)]"
"frozenset({'version', 'xnewsread'})",0.005391550291674032,"[OrderedStatistic(items_base=frozenset({'version'}), items_add=frozenset({'xnewsread'}), confidence=0.39354838709677425, lift=30.2898398068905), OrderedStatistic(items_base=frozenset({'xnewsread'}), items_add=frozenset({'version'}), confidence=0.41496598639455784, lift=30.2898398068905)]"
"frozenset({'public', 'organ', 'access'})",0.005038006010252784,"[OrderedStatistic(items_base=frozenset({'access'}), items_add=frozenset({'organ', 'public'}), confidence=0.34545454545454546, lift=45.98203208556149), OrderedStatistic(items_base=frozenset({'public'}), items_add=frozenset({'organ', 'access'}), confidence=0.3825503355704698, lift=34.90463303745399), OrderedStatistic(items_base=frozenset({'organ', 'access'}), items_add=frozenset({'public'}), confidence=0.4596774193548387, lift=34.90463303745399), OrderedStatistic(items_base=frozenset({'public', 'organ'}), items_add=frozenset({'access'}), confidence=0.6705882352941176, lift=45.98203208556149)]"
"frozenset({'unix', 'public', 'access'})",0.004507689588120912,"[OrderedStatistic(items_base=frozenset({'access'}), items_add=frozenset({'public', 'unix'}), confidence=0.3090909090909091, lift=62.44740259740259), OrderedStatistic(items_base=frozenset({'public'}), items_add=frozenset({'access', 'unix'}), confidence=0.3422818791946308, lift=73.06749398505761), OrderedStatistic(items_base=frozenset({'unix'}), items_add=frozenset({'public', 'access'}), confidence=0.5483870967741935, lift=87.3866424352567), OrderedStatistic(items_base=frozenset({'public', 'access'}), items_add=frozenset({'unix'}), confidence=0.7183098591549295, lift=87.38664243525669), OrderedStatistic(items_base=frozenset({'unix', 'access'}), items_add=frozenset({'public'}), confidence=0.9622641509433962, lift=73.06749398505761), OrderedStatistic(items_base=frozenset({'public', 'unix'}), items_add=frozenset({'access'}), confidence=0.9107142857142857, lift=62.4474025974026)]"
"frozenset({'line', 'anyon', 'organ'})",0.009192151316952448,"[OrderedStatistic(items_base=frozenset({'anyon', 'organ'}), items_add=frozenset({'line'}), confidence=0.8124999999999999, lift=3.2254824561403503)]"
"frozenset({'articleid', 'apr', 'organ'})",0.006452183135937776,"[OrderedStatistic(items_base=frozenset({'apr'}), items_add=frozenset({'articleid', 'organ'}), confidence=0.37435897435897436, lift=23.019007803790412), OrderedStatistic(items_base=frozenset({'articleid'}), items_add=frozenset({'apr', 'organ'}), confidence=0.23322683706070288, lift=23.98844031367993), OrderedStatistic(items_base=frozenset({'apr', 'organ'}), items_add=frozenset({'articleid'}), confidence=0.6636363636363636, lift=23.988440313679927), OrderedStatistic(items_base=frozenset({'articleid', 'organ'}), items_add=frozenset({'apr'}), confidence=0.39673913043478254, lift=23.01900780379041)]"
"frozenset({'articl', 'write', 'line'})",0.011755347357256496,"[OrderedStatistic(items_base=frozenset({'articl', 'line'}), items_add=frozenset({'write'}), confidence=0.3958333333333333, lift=3.1694680349138946), OrderedStatistic(items_base=frozenset({'write', 'line'}), items_add=frozenset({'articl'}), confidence=0.5155038759689923, lift=4.812220175505923)]"
"frozenset({'articl', 'one', 'write'})",0.005568322432384656,"[OrderedStatistic(items_base=frozenset({'articl', 'one'}), items_add=frozenset({'write'}), confidence=0.6300000000000001, lift=5.0444585987261155), OrderedStatistic(items_base=frozenset({'one', 'write'}), items_add=frozenset({'articl'}), confidence=0.4736842105263158, lift=4.421834288692027)]"
"frozenset({'articl', 'write', 'organ'})",0.015644334452890225,"[OrderedStatistic(items_base=frozenset({'articl', 'organ'}), items_add=frozenset({'write'}), confidence=0.4194312796208531, lift=3.3584186112033487), OrderedStatistic(items_base=frozenset({'write', 'organ'}), items_add=frozenset({'articl'}), confidence=0.4944134078212291, lift=4.6153410033740805)]"
"frozenset({'articl', 'write', 'univers'})",0.0066289552766484,"[OrderedStatistic(items_base=frozenset({'articl', 'univers'}), items_add=frozenset({'write'}), confidence=0.4934210526315789, lift=3.9508604313331097), OrderedStatistic(items_base=frozenset({'write', 'univers'}), items_add=frozenset({'articl'}), confidence=0.4518072289156626, lift=4.217613026362876)]"
"frozenset({'articl', 'write', 'would'})",0.006717341347003712,"[OrderedStatistic(items_base=frozenset({'articl', 'would'}), items_add=frozenset({'write'}), confidence=0.7378640776699029, lift=5.908134589354057), OrderedStatistic(items_base=frozenset({'write', 'would'}), items_add=frozenset({'articl'}), confidence=0.5428571428571429, lift=5.067562470532768)]"
"frozenset({'california', 'univers', 'organ'})",0.005479936362029344,"[OrderedStatistic(items_base=frozenset({'california'}), items_add=frozenset({'univers', 'organ'}), confidence=0.4460431654676259, lift=3.536462770918514), OrderedStatistic(items_base=frozenset({'california', 'organ'}), items_add=frozenset({'univers'}), confidence=0.5391304347826087, lift=3.284718222471963)]"
"frozenset({'case', 'reserv', 'organ'})",0.0056567085027399685,"[OrderedStatistic(items_base=frozenset({'case'}), items_add=frozenset({'reserv', 'organ'}), confidence=0.35555555555555557, lift=62.855555555555554), OrderedStatistic(items_base=frozenset({'reserv'}), items_add=frozenset({'case', 'organ'}), confidence=0.8767123287671234, lift=99.19123287671235), OrderedStatistic(items_base=frozenset({'case', 'organ'}), items_add=frozenset({'reserv'}), confidence=0.6400000000000001, lift=99.19123287671235), OrderedStatistic(items_base=frozenset({'reserv', 'organ'}), items_add=frozenset({'case'}), confidence=1.0, lift=62.855555555555554)]"
"frozenset({'case', 'univers', 'organ'})",0.005038006010252784,"[OrderedStatistic(items_base=frozenset({'case', 'organ'}), items_add=frozenset({'univers'}), confidence=0.5700000000000001, lift=3.4727948303715674)]"
"frozenset({'case', 'western', 'organ'})",0.006894113487714336,"[OrderedStatistic(items_base=frozenset({'case'}), items_add=frozenset({'western', 'organ'}), confidence=0.4333333333333333, lift=46.252201257861635), OrderedStatistic(items_base=frozenset({'western'}), items_add=frozenset({'case', 'organ'}), confidence=0.5864661654135338, lift=66.35278195488722), OrderedStatistic(items_base=frozenset({'case', 'organ'}), items_add=frozenset({'western'}), confidence=0.78, lift=66.35278195488722), OrderedStatistic(items_base=frozenset({'western', 'organ'}), items_add=frozenset({'case'}), confidence=0.7358490566037736, lift=46.252201257861635)]"
"frozenset({'case', 'reserv', 'univers'})",0.00530316422131872,"[OrderedStatistic(items_base=frozenset({'case'}), items_add=frozenset({'reserv', 'univers'}), confidence=0.3333333333333333, lift=62.855555555555554), OrderedStatistic(items_base=frozenset({'reserv'}), items_add=frozenset({'case', 'univers'}), confidence=0.8219178082191781, lift=145.2996575342466), OrderedStatistic(items_base=frozenset({'case', 'reserv'}), items_add=frozenset({'univers'}), confidence=0.8695652173913044, lift=5.297932616890264), OrderedStatistic(items_base=frozenset({'case', 'univers'}), items_add=frozenset({'reserv'}), confidence=0.9375, lift=145.2996575342466), OrderedStatistic(items_base=frozenset({'reserv', 'univers'}), items_add=frozenset({'case'}), confidence=1.0, lift=62.855555555555554)]"
"frozenset({'case', 'reserv', 'western'})",0.006098638854516528,"[OrderedStatistic(items_base=frozenset({'case'}), items_add=frozenset({'reserv', 'western'}), confidence=0.3833333333333333, lift=62.855555555555554), OrderedStatistic(items_base=frozenset({'reserv'}), items_add=frozenset({'case', 'western'}), confidence=0.9452054794520548, lift=128.84403366892226), OrderedStatistic(items_base=frozenset({'western'}), items_add=frozenset({'case', 'reserv'}), confidence=0.518796992481203, lift=85.06766917293234), OrderedStatistic(items_base=frozenset({'case', 'reserv'}), items_add=frozenset({'western'}), confidence=1.0, lift=85.06766917293233), OrderedStatistic(items_base=frozenset({'case', 'western'}), items_add=frozenset({'reserv'}), confidence=0.8313253012048192, lift=128.84403366892226), OrderedStatistic(items_base=frozenset({'reserv', 'western'}), items_add=frozenset({'case'}), confidence=1.0, lift=62.855555555555554)]"
"frozenset({'case', 'western', 'univers'})",0.00530316422131872,"[OrderedStatistic(items_base=frozenset({'case'}), items_add=frozenset({'western', 'univers'}), confidence=0.3333333333333333, lift=43.348659003831415), OrderedStatistic(items_base=frozenset({'western'}), items_add=frozenset({'case', 'univers'}), confidence=0.4511278195488722, lift=79.75093984962406), OrderedStatistic(items_base=frozenset({'case', 'univers'}), items_add=frozenset({'western'}), confidence=0.9375, lift=79.75093984962406), OrderedStatistic(items_base=frozenset({'case', 'western'}), items_add=frozenset({'univers'}), confidence=0.7228915662650602, lift=4.404305428499134), OrderedStatistic(items_base=frozenset({'western', 'univers'}), items_add=frozenset({'case'}), confidence=0.6896551724137931, lift=43.348659003831415)]"
"frozenset({'onlin', 'commun', 'organ'})",0.0074244299098462085,"[OrderedStatistic(items_base=frozenset({'commun'}), items_add=frozenset({'onlin', 'organ'}), confidence=0.48000000000000004, lift=59.0295652173913), OrderedStatistic(items_base=frozenset({'onlin'}), items_add=frozenset({'commun', 'organ'}), confidence=0.8400000000000001, lift=75.42666666666668), OrderedStatistic(items_base=frozenset({'commun', 'organ'}), items_add=frozenset({'onlin'}), confidence=0.6666666666666666, lift=75.42666666666666), OrderedStatistic(items_base=frozenset({'onlin', 'organ'}), items_add=frozenset({'commun'}), confidence=0.9130434782608695, lift=59.0295652173913)]"
"frozenset({'scienc', 'line', 'comput'})",0.0057450945730952805,"[OrderedStatistic(items_base=frozenset({'scienc'}), items_add=frozenset({'line', 'comput'}), confidence=0.2380952380952381, lift=12.951007326007328), OrderedStatistic(items_base=frozenset({'line', 'comput'}), items_add=frozenset({'scienc'}), confidence=0.31250000000000006, lift=12.951007326007328), OrderedStatistic(items_base=frozenset({'scienc', 'line'}), items_add=frozenset({'comput'}), confidence=0.6914893617021276, lift=13.260187522538766)]"
"frozenset({'scienc', 'organ', 'comput'})",0.01060632844263744,"[OrderedStatistic(items_base=frozenset({'comput'}), items_add=frozenset({'scienc', 'organ'}), confidence=0.2033898305084746, lift=12.784180790960452), OrderedStatistic(items_base=frozenset({'scienc'}), items_add=frozenset({'comput', 'organ'}), confidence=0.43956043956043955, lift=12.883903661105732), OrderedStatistic(items_base=frozenset({'organ', 'comput'}), items_add=frozenset({'scienc'}), confidence=0.31088082901554404, lift=12.883903661105732), OrderedStatistic(items_base=frozenset({'scienc', 'organ'}), items_add=frozenset({'comput'}), confidence=0.6666666666666666, lift=12.784180790960452)]"
"frozenset({'scienc', 'univers', 'comput'})",0.005479936362029344,"[OrderedStatistic(items_base=frozenset({'scienc'}), items_add=frozenset({'univers', 'comput'}), confidence=0.2271062271062271, lift=14.435280075729514), OrderedStatistic(items_base=frozenset({'univers', 'comput'}), items_add=frozenset({'scienc'}), confidence=0.34831460674157305, lift=14.435280075729514), OrderedStatistic(items_base=frozenset({'scienc', 'univers'}), items_add=frozenset({'comput'}), confidence=0.6326530612244898, lift=12.131926668972675)]"
"frozenset({'depart', 'univers', 'organ'})",0.004684461728831536,"[OrderedStatistic(items_base=frozenset({'depart'}), items_add=frozenset({'univers', 'organ'}), confidence=0.4108527131782946, lift=3.2574545177990366), OrderedStatistic(items_base=frozenset({'depart', 'organ'}), items_add=frozenset({'univers'}), confidence=0.5955056179775281, lift=3.6281909325782196)]"
"frozenset({'univers', 'organ', 'dept'})",0.004507689588120912,"[OrderedStatistic(items_base=frozenset({'dept'}), items_add=frozenset({'univers', 'organ'}), confidence=0.4358974358974359, lift=3.4560221371714017), OrderedStatistic(items_base=frozenset({'organ', 'dept'}), items_add=frozenset({'univers'}), confidence=0.504950495049505, lift=3.076472752283306)]"
"frozenset({'na', 'line', 'distribut'})",0.006275410995227152,"[OrderedStatistic(items_base=frozenset({'na'}), items_add=frozenset({'line', 'distribut'}), confidence=0.5503875968992248, lift=15.151059054301289), OrderedStatistic(items_base=frozenset({'na', 'line'}), items_add=frozenset({'distribut'}), confidence=0.986111111111111, lift=15.847814078282829)]"
"frozenset({'nntppostinghost', 'line', 'distribut'})",0.011048258794414,"[OrderedStatistic(items_base=frozenset({'nntppostinghost', 'distribut'}), items_add=frozenset({'line'}), confidence=0.7668711656441718, lift=3.0443439888063715)]"
"frozenset({'usa', 'line', 'distribut'})",0.01060632844263744,"[OrderedStatistic(items_base=frozenset({'usa'}), items_add=frozenset({'line', 'distribut'}), confidence=0.38961038961038963, lift=10.725187221537588), OrderedStatistic(items_base=frozenset({'line', 'distribut'}), items_add=frozenset({'usa'}), confidence=0.29197080291970806, lift=10.725187221537588), OrderedStatistic(items_base=frozenset({'usa', 'line'}), items_add=frozenset({'distribut'}), confidence=0.6936416184971098, lift=11.14753021544929)]"
"frozenset({'line', 'distribut', 'world'})",0.010252784161216192,"[OrderedStatistic(items_base=frozenset({'world'}), items_add=frozenset({'line', 'distribut'}), confidence=0.3647798742138365, lift=10.041653277020307), OrderedStatistic(items_base=frozenset({'line', 'distribut'}), items_add=frozenset({'world'}), confidence=0.2822384428223844, lift=10.041653277020307), OrderedStatistic(items_base=frozenset({'line', 'world'}), items_add=frozenset({'distribut'}), confidence=0.8467153284671532, lift=13.607581287325813)]"
"frozenset({'organ', 'na', 'distribut'})",0.00972246773908432,"[OrderedStatistic(items_base=frozenset({'na'}), items_add=frozenset({'distribut', 'organ'}), confidence=0.8527131782945736, lift=16.324191030837234), OrderedStatistic(items_base=frozenset({'na', 'organ'}), items_add=frozenset({'distribut'}), confidence=0.9909909909909909, lift=15.926238738738737)]"
"frozenset({'nntppostinghost', 'distribut', 'world'})",0.006098638854516528,"[OrderedStatistic(items_base=frozenset({'world'}), items_add=frozenset({'distribut', 'nntppostinghost'}), confidence=0.2169811320754717, lift=15.060886676698694), OrderedStatistic(items_base=frozenset({'nntppostinghost', 'distribut'}), items_add=frozenset({'world'}), confidence=0.4233128834355828, lift=15.060886676698694), OrderedStatistic(items_base=frozenset({'distribut', 'world'}), items_add=frozenset({'nntppostinghost'}), confidence=0.34673366834170855, lift=3.140868473673411), OrderedStatistic(items_base=frozenset({'nntppostinghost', 'world'}), items_add=frozenset({'distribut'}), confidence=0.9452054794520548, lift=15.190418742216687)]"
"frozenset({'usa', 'organ', 'distribut'})",0.014406929467915856,"[OrderedStatistic(items_base=frozenset({'distribut'}), items_add=frozenset({'usa', 'organ'}), confidence=0.2315340909090909, lift=9.738203362622507), OrderedStatistic(items_base=frozenset({'usa'}), items_add=frozenset({'distribut', 'organ'}), confidence=0.5292207792207793, lift=10.13130946887292), OrderedStatistic(items_base=frozenset({'organ', 'distribut'}), items_add=frozenset({'usa'}), confidence=0.2758037225042301, lift=10.131309468872919), OrderedStatistic(items_base=frozenset({'usa', 'organ'}), items_add=frozenset({'distribut'}), confidence=0.6059479553903345, lift=9.738203362622507)]"
"frozenset({'organ', 'distribut', 'world'})",0.015114018030758352,"[OrderedStatistic(items_base=frozenset({'distribut'}), items_add=frozenset({'organ', 'world'}), confidence=0.2428977272727273, lift=13.471298462566846), OrderedStatistic(items_base=frozenset({'world'}), items_add=frozenset({'distribut', 'organ'}), confidence=0.5377358490566038, lift=10.29432046738818), OrderedStatistic(items_base=frozenset({'organ', 'distribut'}), items_add=frozenset({'world'}), confidence=0.2893401015228426, lift=10.29432046738818), OrderedStatistic(items_base=frozenset({'organ', 'world'}), items_add=frozenset({'distribut'}), confidence=0.8382352941176471, lift=13.471298462566846)]"
"frozenset({'usa', 'univers', 'distribut'})",0.00530316422131872,"[OrderedStatistic(items_base=frozenset({'univers', 'distribut'}), items_add=frozenset({'usa'}), confidence=0.28708133971291866, lift=10.545578823090786), OrderedStatistic(items_base=frozenset({'usa', 'univers'}), items_add=frozenset({'distribut'}), confidence=0.5882352941176471, lift=9.453542780748664)]"
"frozenset({'organ', 'line', 'hi'})",0.0056567085027399685,"[OrderedStatistic(items_base=frozenset({'hi'}), items_add=frozenset({'line', 'organ'}), confidence=0.8767123287671234, lift=4.4301577881515115), OrderedStatistic(items_base=frozenset({'organ', 'hi'}), items_add=frozenset({'line'}), confidence=1.0, lift=3.9698245614035086)]"
"frozenset({'illinoi', 'univers', 'organ'})",0.005391550291674032,"[OrderedStatistic(items_base=frozenset({'illinoi'}), items_add=frozenset({'univers', 'organ'}), confidence=0.7176470588235294, lift=5.68988004451956), OrderedStatistic(items_base=frozenset({'illinoi', 'organ'}), items_add=frozenset({'univers'}), confidence=0.8840579710144928, lift=5.386231493838434)]"
"frozenset({'technolog', 'line', 'institut'})",0.005568322432384656,"[OrderedStatistic(items_base=frozenset({'institut'}), items_add=frozenset({'technolog', 'line'}), confidence=0.2703862660944206, lift=35.57151412316598), OrderedStatistic(items_base=frozenset({'technolog'}), items_add=frozenset({'line', 'institut'}), confidence=0.27631578947368424, lift=28.16429587482219), OrderedStatistic(items_base=frozenset({'line', 'institut'}), items_add=frozenset({'technolog'}), confidence=0.5675675675675675, lift=28.16429587482219), OrderedStatistic(items_base=frozenset({'technolog', 'line'}), items_add=frozenset({'institut'}), confidence=0.7325581395348837, lift=35.57151412316598)]"
"frozenset({'nntppostinghost', 'organ', 'institut'})",0.005038006010252784,"[OrderedStatistic(items_base=frozenset({'organ', 'institut'}), items_add=frozenset({'nntppostinghost'}), confidence=0.3313953488372093, lift=3.001927123093824)]"
"frozenset({'technolog', 'organ', 'institut'})",0.008485062754109953,"[OrderedStatistic(items_base=frozenset({'institut'}), items_add=frozenset({'technolog', 'organ'}), confidence=0.4120171673819743, lift=33.7794364620265), OrderedStatistic(items_base=frozenset({'technolog'}), items_add=frozenset({'organ', 'institut'}), confidence=0.4210526315789474, lift=27.696450428396574), OrderedStatistic(items_base=frozenset({'organ', 'institut'}), items_add=frozenset({'technolog'}), confidence=0.5581395348837209, lift=27.696450428396574), OrderedStatistic(items_base=frozenset({'technolog', 'organ'}), items_add=frozenset({'institut'}), confidence=0.6956521739130436, lift=33.7794364620265)]"
"frozenset({'line', 'nntppostinghost', 'world'})",0.00530316422131872,"[OrderedStatistic(items_base=frozenset({'line', 'world'}), items_add=frozenset({'nntppostinghost'}), confidence=0.43795620437956206, lift=3.9672029594478504), OrderedStatistic(items_base=frozenset({'nntppostinghost', 'world'}), items_add=frozenset({'line'}), confidence=0.8219178082191781, lift=3.262869502523432)]"
"frozenset({'line', 'virginia', 'organ'})",0.0058334806434505925,"[OrderedStatistic(items_base=frozenset({'virginia'}), items_add=frozenset({'line', 'organ'}), confidence=0.6875, lift=3.474039749888343), OrderedStatistic(items_base=frozenset({'virginia', 'organ'}), items_add=frozenset({'line'}), confidence=0.8250000000000001, lift=3.2751052631578945)]"
"frozenset({'line', 'univers', 'state'})",0.008750220965175888,"[OrderedStatistic(items_base=frozenset({'state'}), items_add=frozenset({'line', 'univers'}), confidence=0.26259946949602125, lift=3.2364383419150156), OrderedStatistic(items_base=frozenset({'line', 'state'}), items_add=frozenset({'univers'}), confidence=0.792, lift=4.825357027463651)]"
"frozenset({'line', 'virginia', 'univers'})",0.004596075658476224,"[OrderedStatistic(items_base=frozenset({'virginia'}), items_add=frozenset({'line', 'univers'}), confidence=0.5416666666666666, lift=6.675835148874364), OrderedStatistic(items_base=frozenset({'line', 'virginia'}), items_add=frozenset({'univers'}), confidence=0.7222222222222222, lift=4.40022736791719), OrderedStatistic(items_base=frozenset({'univers', 'virginia'}), items_add=frozenset({'line'}), confidence=0.8813559322033898, lift=3.4988284269997023)]"
"frozenset({'reserv', 'univers', 'organ'})",0.004949619939897472,"[OrderedStatistic(items_base=frozenset({'reserv'}), items_add=frozenset({'univers', 'organ'}), confidence=0.7671232876712328, lift=6.082153382419292), OrderedStatistic(items_base=frozenset({'reserv', 'organ'}), items_add=frozenset({'univers'}), confidence=0.8749999999999999, lift=5.331044695745827)]"
"frozenset({'reserv', 'western', 'organ'})",0.0056567085027399685,"[OrderedStatistic(items_base=frozenset({'reserv'}), items_add=frozenset({'western', 'organ'}), confidence=0.8767123287671234, lift=93.57663478935126), OrderedStatistic(items_base=frozenset({'western'}), items_add=frozenset({'reserv', 'organ'}), confidence=0.481203007518797, lift=85.06766917293233), OrderedStatistic(items_base=frozenset({'reserv', 'organ'}), items_add=frozenset({'western'}), confidence=1.0, lift=85.06766917293233), OrderedStatistic(items_base=frozenset({'western', 'organ'}), items_add=frozenset({'reserv'}), confidence=0.6037735849056605, lift=93.57663478935127)]"
"frozenset({'univers', 'organ', 'state'})",0.012639208060809617,"[OrderedStatistic(items_base=frozenset({'state'}), items_add=frozenset({'univers', 'organ'}), confidence=0.37931034482758624, lift=3.007370176159293), OrderedStatistic(items_base=frozenset({'organ', 'state'}), items_add=frozenset({'univers'}), confidence=0.6777251184834123, lift=4.1291233120739514)]"
"frozenset({'version', 'organ', 'tin'})",0.004596075658476224,"[OrderedStatistic(items_base=frozenset({'tin'}), items_add=frozenset({'version', 'organ'}), confidence=0.5098039215686274, lift=69.49303094731867), OrderedStatistic(items_base=frozenset({'version'}), items_add=frozenset({'organ', 'tin'}), confidence=0.33548387096774196, lift=43.1325513196481), OrderedStatistic(items_base=frozenset({'organ', 'tin'}), items_add=frozenset({'version'}), confidence=0.5909090909090909, lift=43.1325513196481), OrderedStatistic(items_base=frozenset({'version', 'organ'}), items_add=frozenset({'tin'}), confidence=0.6265060240963854, lift=69.49303094731869)]"
"frozenset({'xnewsread', 'organ', 'tin'})",0.007689588120912144,"[OrderedStatistic(items_base=frozenset({'tin'}), items_add=frozenset({'organ', 'xnewsread'}), confidence=0.8529411764705882, lift=76.58870214752567), OrderedStatistic(items_base=frozenset({'xnewsread'}), items_add=frozenset({'organ', 'tin'}), confidence=0.5918367346938775, lift=76.09137291280149), OrderedStatistic(items_base=frozenset({'organ', 'tin'}), items_add=frozenset({'xnewsread'}), confidence=0.9886363636363636, lift=76.09137291280148), OrderedStatistic(items_base=frozenset({'xnewsread', 'organ'}), items_add=frozenset({'tin'}), confidence=0.6904761904761904, lift=76.58870214752567)]"
"frozenset({'univers', 'virginia', 'organ'})",0.004949619939897472,"[OrderedStatistic(items_base=frozenset({'virginia'}), items_add=frozenset({'univers', 'organ'}), confidence=0.5833333333333333, lift=4.624970801214669), OrderedStatistic(items_base=frozenset({'virginia', 'organ'}), items_add=frozenset({'univers'}), confidence=0.7, lift=4.2648357565966615)]"
"frozenset({'western', 'univers', 'organ'})",0.006894113487714336,"[OrderedStatistic(items_base=frozenset({'western'}), items_add=frozenset({'univers', 'organ'}), confidence=0.5864661654135338, lift=4.64980952732216), OrderedStatistic(items_base=frozenset({'western', 'organ'}), items_add=frozenset({'univers'}), confidence=0.7358490566037736, lift=4.483250525802421)]"
"frozenset({'xnewsread', 'version', 'organ'})",0.00486123386954216,"[OrderedStatistic(items_base=frozenset({'version'}), items_add=frozenset({'organ', 'xnewsread'}), confidence=0.3548387096774194, lift=31.86226318484383), OrderedStatistic(items_base=frozenset({'xnewsread'}), items_add=frozenset({'version', 'organ'}), confidence=0.37414965986394555, lift=51.00155724940578), OrderedStatistic(items_base=frozenset({'version', 'organ'}), items_add=frozenset({'xnewsread'}), confidence=0.6626506024096385, lift=51.00155724940578), OrderedStatistic(items_base=frozenset({'xnewsread', 'organ'}), items_add=frozenset({'version'}), confidence=0.43650793650793646, lift=31.86226318484383)]"
"frozenset({'reserv', 'western', 'univers'})",0.00530316422131872,"[OrderedStatistic(items_base=frozenset({'reserv'}), items_add=frozenset({'western', 'univers'}), confidence=0.8219178082191781, lift=106.88710439300898), OrderedStatistic(items_base=frozenset({'western'}), items_add=frozenset({'reserv', 'univers'}), confidence=0.4511278195488722, lift=85.06766917293234), OrderedStatistic(items_base=frozenset({'reserv', 'univers'}), items_add=frozenset({'western'}), confidence=1.0, lift=85.06766917293233), OrderedStatistic(items_base=frozenset({'reserv', 'western'}), items_add=frozenset({'univers'}), confidence=0.8695652173913044, lift=5.297932616890264), OrderedStatistic(items_base=frozenset({'western', 'univers'}), items_add=frozenset({'reserv'}), confidence=0.6896551724137931, lift=106.88710439300898)]"
"frozenset({'xnewsread', 'version', 'tin'})",0.005126392080608096,"[OrderedStatistic(items_base=frozenset({'tin'}), items_add=frozenset({'version', 'xnewsread'}), confidence=0.5686274509803922, lift=105.46640951462554), OrderedStatistic(items_base=frozenset({'version'}), items_add=frozenset({'xnewsread', 'tin'}), confidence=0.3741935483870968, lift=41.91708719259023), OrderedStatistic(items_base=frozenset({'xnewsread'}), items_add=frozenset({'version', 'tin'}), confidence=0.3945578231292517, lift=76.96598639455782), OrderedStatistic(items_base=frozenset({'version', 'tin'}), items_add=frozenset({'xnewsread'}), confidence=1.0, lift=76.96598639455782), OrderedStatistic(items_base=frozenset({'xnewsread', 'tin'}), items_add=frozenset({'version'}), confidence=0.5742574257425742, lift=41.91708719259022), OrderedStatistic(items_base=frozenset({'version', 'xnewsread'}), items_add=frozenset({'tin'}), confidence=0.9508196721311475, lift=105.46640951462552)]"
"frozenset({'articl', 'organ', 'line', 'nntppostinghost'})",0.004596075658476224,"[OrderedStatistic(items_base=frozenset({'articl', 'organ', 'nntppostinghost'}), items_add=frozenset({'line'}), confidence=0.7761194029850745, lift=3.0810578685519765)]"
"frozenset({'univers', 'articl', 'line', 'organ'})",0.00707088562842496,"[OrderedStatistic(items_base=frozenset({'articl', 'univers', 'organ'}), items_add=frozenset({'line'}), confidence=0.7692307692307693, lift=3.053711201079622)]"
"frozenset({'articl', 'write', 'line', 'organ'})",0.007777974191267456,"[OrderedStatistic(items_base=frozenset({'articl', 'line'}), items_add=frozenset({'write', 'organ'}), confidence=0.26190476190476186, lift=8.27706836924714), OrderedStatistic(items_base=frozenset({'articl', 'organ'}), items_add=frozenset({'write', 'line'}), confidence=0.20853080568720378, lift=9.144641610639626), OrderedStatistic(items_base=frozenset({'write', 'line'}), items_add=frozenset({'articl', 'organ'}), confidence=0.34108527131782945, lift=9.144641610639626), OrderedStatistic(items_base=frozenset({'write', 'organ'}), items_add=frozenset({'articl', 'line'}), confidence=0.2458100558659218, lift=8.277068369247141), OrderedStatistic(items_base=frozenset({'write', 'line', 'organ'}), items_add=frozenset({'articl'}), confidence=0.5146198830409356, lift=4.803968116109856)]"
"frozenset({'case', 'reserv', 'univers', 'organ'})",0.004949619939897472,"[OrderedStatistic(items_base=frozenset({'case'}), items_add=frozenset({'reserv', 'univers', 'organ'}), confidence=0.31111111111111106, lift=62.85555555555555), OrderedStatistic(items_base=frozenset({'reserv'}), items_add=frozenset({'case', 'univers', 'organ'}), confidence=0.7671232876712328, lift=152.2672434510935), OrderedStatistic(items_base=frozenset({'case', 'organ'}), items_add=frozenset({'reserv', 'univers'}), confidence=0.56, lift=105.59733333333334), OrderedStatistic(items_base=frozenset({'case', 'reserv'}), items_add=frozenset({'univers', 'organ'}), confidence=0.8115942028985508, lift=6.434741984298672), OrderedStatistic(items_base=frozenset({'case', 'univers'}), items_add=frozenset({'reserv', 'organ'}), confidence=0.8749999999999999, lift=154.68359374999997), OrderedStatistic(items_base=frozenset({'reserv', 'organ'}), items_add=frozenset({'case', 'univers'}), confidence=0.8749999999999999, lift=154.68359374999997), OrderedStatistic(items_base=frozenset({'reserv', 'univers'}), items_add=frozenset({'case', 'organ'}), confidence=0.9333333333333333, lift=105.59733333333334), OrderedStatistic(items_base=frozenset({'case', 'reserv', 'organ'}), items_add=frozenset({'univers'}), confidence=0.8749999999999999, lift=5.331044695745827), OrderedStatistic(items_base=frozenset({'case', 'univers', 'organ'}), items_add=frozenset({'reserv'}), confidence=0.9824561403508771, lift=152.2672434510935), OrderedStatistic(items_base=frozenset({'reserv', 'univers', 'organ'}), items_add=frozenset({'case'}), confidence=1.0, lift=62.855555555555554)]"
"frozenset({'case', 'reserv', 'western', 'organ'})",0.0056567085027399685,"[OrderedStatistic(items_base=frozenset({'case'}), items_add=frozenset({'reserv', 'western', 'organ'}), confidence=0.35555555555555557, lift=62.855555555555554), OrderedStatistic(items_base=frozenset({'reserv'}), items_add=frozenset({'case', 'western', 'organ'}), confidence=0.8767123287671234, lift=127.16824727783633), OrderedStatistic(items_base=frozenset({'western'}), items_add=frozenset({'case', 'reserv', 'organ'}), confidence=0.481203007518797, lift=85.06766917293233), OrderedStatistic(items_base=frozenset({'case', 'organ'}), items_add=frozenset({'reserv', 'western'}), confidence=0.6400000000000001, lift=104.94144927536234), OrderedStatistic(items_base=frozenset({'case', 'reserv'}), items_add=frozenset({'western', 'organ'}), confidence=0.9275362318840581, lift=99.00136724090787), OrderedStatistic(items_base=frozenset({'case', 'western'}), items_add=frozenset({'reserv', 'organ'}), confidence=0.7710843373493976, lift=136.3132530120482), OrderedStatistic(items_base=frozenset({'reserv', 'organ'}), items_add=frozenset({'case', 'western'}), confidence=1.0, lift=136.3132530120482), OrderedStatistic(items_base=frozenset({'western', 'organ'}), items_add=frozenset({'case', 'reserv'}), confidence=0.6037735849056605, lift=99.00136724090787), OrderedStatistic(items_base=frozenset({'reserv', 'western'}), items_add=frozenset({'case', 'organ'}), confidence=0.9275362318840581, lift=104.94144927536234), OrderedStatistic(items_base=frozenset({'case', 'reserv', 'organ'}), items_add=frozenset({'western'}), confidence=1.0, lift=85.06766917293233), OrderedStatistic(items_base=frozenset({'case', 'western', 'organ'}), items_add=frozenset({'reserv'}), confidence=0.8205128205128206, lift=127.16824727783633), OrderedStatistic(items_base=frozenset({'reserv', 'western', 'organ'}), items_add=frozenset({'case'}), confidence=1.0, lift=62.855555555555554)]"
"frozenset({'case', 'western', 'univers', 'organ'})",0.004949619939897472,"[OrderedStatistic(items_base=frozenset({'case'}), items_add=frozenset({'western', 'univers', 'organ'}), confidence=0.31111111111111106, lift=45.12706552706552), OrderedStatistic(items_base=frozenset({'western'}), items_add=frozenset({'case', 'univers', 'organ'}), confidence=0.42105263157894735, lift=83.5752539242844), OrderedStatistic(items_base=frozenset({'case', 'organ'}), items_add=frozenset({'western', 'univers'}), confidence=0.56, lift=72.8257471264368), OrderedStatistic(items_base=frozenset({'case', 'univers'}), items_add=frozenset({'western', 'organ'}), confidence=0.8749999999999999, lift=93.3938679245283), OrderedStatistic(items_base=frozenset({'case', 'western'}), items_add=frozenset({'univers', 'organ'}), confidence=0.6746987951807228, lift=5.349363818272389), OrderedStatistic(items_base=frozenset({'western', 'organ'}), items_add=frozenset({'case', 'univers'}), confidence=0.5283018867924528, lift=93.3938679245283), OrderedStatistic(items_base=frozenset({'western', 'univers'}), items_add=frozenset({'case', 'organ'}), confidence=0.6436781609195402, lift=72.82574712643678), OrderedStatistic(items_base=frozenset({'case', 'univers', 'organ'}), items_add=frozenset({'western'}), confidence=0.9824561403508771, lift=83.5752539242844), OrderedStatistic(items_base=frozenset({'case', 'western', 'organ'}), items_add=frozenset({'univers'}), confidence=0.717948717948718, lift=4.374190519586319), OrderedStatistic(items_base=frozenset({'western', 'univers', 'organ'}), items_add=frozenset({'case'}), confidence=0.717948717948718, lift=45.127065527065525)]"
"frozenset({'case', 'reserv', 'western', 'univers'})",0.00530316422131872,"[OrderedStatistic(items_base=frozenset({'case'}), items_add=frozenset({'reserv', 'western', 'univers'}), confidence=0.3333333333333333, lift=62.855555555555554), OrderedStatistic(items_base=frozenset({'reserv'}), items_add=frozenset({'case', 'western', 'univers'}), confidence=0.8219178082191781, lift=154.986301369863), OrderedStatistic(items_base=frozenset({'western'}), items_add=frozenset({'case', 'reserv', 'univers'}), confidence=0.4511278195488722, lift=85.06766917293234), OrderedStatistic(items_base=frozenset({'case', 'reserv'}), items_add=frozenset({'western', 'univers'}), confidence=0.8695652173913044, lift=113.08345827086458), OrderedStatistic(items_base=frozenset({'case', 'univers'}), items_add=frozenset({'reserv', 'western'}), confidence=0.9375, lift=153.72282608695653), OrderedStatistic(items_base=frozenset({'case', 'western'}), items_add=frozenset({'reserv', 'univers'}), confidence=0.7228915662650602, lift=136.3132530120482), OrderedStatistic(items_base=frozenset({'reserv', 'univers'}), items_add=frozenset({'case', 'western'}), confidence=1.0, lift=136.3132530120482), OrderedStatistic(items_base=frozenset({'reserv', 'western'}), items_add=frozenset({'case', 'univers'}), confidence=0.8695652173913044, lift=153.72282608695653), OrderedStatistic(items_base=frozenset({'western', 'univers'}), items_add=frozenset({'case', 'reserv'}), confidence=0.6896551724137931, lift=113.08345827086458), OrderedStatistic(items_base=frozenset({'case', 'reserv', 'univers'}), items_add=frozenset({'western'}), confidence=1.0, lift=85.06766917293233), OrderedStatistic(items_base=frozenset({'case', 'reserv', 'western'}), items_add=frozenset({'univers'}), confidence=0.8695652173913044, lift=5.297932616890264), OrderedStatistic(items_base=frozenset({'case', 'western', 'univers'}), items_add=frozenset({'reserv'}), confidence=1.0, lift=154.986301369863), OrderedStatistic(items_base=frozenset({'reserv', 'western', 'univers'}), items_add=frozenset({'case'}), confidence=1.0, lift=62.855555555555554)]"
"frozenset({'scienc', 'organ', 'line', 'comput'})",0.00530316422131872,"[OrderedStatistic(items_base=frozenset({'scienc'}), items_add=frozenset({'comput', 'line', 'organ'}), confidence=0.21978021978021978, lift=13.587942112532277), OrderedStatistic(items_base=frozenset({'line', 'comput'}), items_add=frozenset({'scienc', 'organ'}), confidence=0.2884615384615385, lift=18.131410256410255), OrderedStatistic(items_base=frozenset({'scienc', 'line'}), items_add=frozenset({'comput', 'organ'}), confidence=0.6382978723404255, lift=18.709072869584386), OrderedStatistic(items_base=frozenset({'scienc', 'organ'}), items_add=frozenset({'line', 'comput'}), confidence=0.3333333333333333, lift=18.131410256410255), OrderedStatistic(items_base=frozenset({'organ', 'line', 'comput'}), items_add=frozenset({'scienc'}), confidence=0.3278688524590164, lift=13.587942112532277), OrderedStatistic(items_base=frozenset({'scienc', 'line', 'organ'}), items_add=frozenset({'comput'}), confidence=0.6896551724137931, lift=13.2250146113384)]"
"frozenset({'univers', 'organ', 'line', 'comput'})",0.0073360438394908965,"[OrderedStatistic(items_base=frozenset({'line', 'comput'}), items_add=frozenset({'univers', 'organ'}), confidence=0.39903846153846156, lift=3.163784971160585)]"
"frozenset({'organ', 'na', 'line', 'distribut'})",0.0058334806434505925,"[OrderedStatistic(items_base=frozenset({'na'}), items_add=frozenset({'line', 'distribut', 'organ'}), confidence=0.5116279069767442, lift=14.996264610193998), OrderedStatistic(items_base=frozenset({'na', 'line'}), items_add=frozenset({'distribut', 'organ'}), confidence=0.9166666666666667, lift=17.548505358150027), OrderedStatistic(items_base=frozenset({'na', 'organ'}), items_add=frozenset({'line', 'distribut'}), confidence=0.5945945945945946, lift=16.36798842638259), OrderedStatistic(items_base=frozenset({'na', 'line', 'organ'}), items_add=frozenset({'distribut'}), confidence=0.9850746268656716, lift=15.83115671641791)]"
"frozenset({'nntppostinghost', 'organ', 'line', 'distribut'})",0.010252784161216192,"[OrderedStatistic(items_base=frozenset({'line', 'distribut'}), items_add=frozenset({'organ', 'nntppostinghost'}), confidence=0.2822384428223844, lift=3.152266280446651), OrderedStatistic(items_base=frozenset({'nntppostinghost', 'distribut'}), items_add=frozenset({'line', 'organ'}), confidence=0.7116564417177914, lift=3.596105842606115), OrderedStatistic(items_base=frozenset({'nntppostinghost', 'organ', 'distribut'}), items_add=frozenset({'line'}), confidence=0.7631578947368421, lift=3.029602954755309)]"
"frozenset({'nntppostinghost', 'line', 'distribut', 'world'})",0.005126392080608096,"[OrderedStatistic(items_base=frozenset({'nntppostinghost', 'distribut'}), items_add=frozenset({'line', 'world'}), confidence=0.3558282208588957, lift=29.385697013120772), OrderedStatistic(items_base=frozenset({'distribut', 'world'}), items_add=frozenset({'line', 'nntppostinghost'}), confidence=0.2914572864321608, lift=4.779054693758648), OrderedStatistic(items_base=frozenset({'line', 'world'}), items_add=frozenset({'distribut', 'nntppostinghost'}), confidence=0.4233576642335766, lift=29.385697013120772), OrderedStatistic(items_base=frozenset({'nntppostinghost', 'world'}), items_add=frozenset({'line', 'distribut'}), confidence=0.7945205479452055, lift=21.871546178715466), OrderedStatistic(items_base=frozenset({'nntppostinghost', 'line', 'distribut'}), items_add=frozenset({'world'}), confidence=0.464, lift=16.508477987421387), OrderedStatistic(items_base=frozenset({'line', 'distribut', 'world'}), items_add=frozenset({'nntppostinghost'}), confidence=0.5, lift=4.529223378702962), OrderedStatistic(items_base=frozenset({'nntppostinghost', 'distribut', 'world'}), items_add=frozenset({'line'}), confidence=0.8405797101449276, lift=3.3369539791507754), OrderedStatistic(items_base=frozenset({'line', 'nntppostinghost', 'world'}), items_add=frozenset({'distribut'}), confidence=0.9666666666666667, lift=15.535321969696971)]"
"frozenset({'univers', 'organ', 'line', 'distribut'})",0.012020505568322432,"[OrderedStatistic(items_base=frozenset({'univers', 'distribut'}), items_add=frozenset({'line', 'organ'}), confidence=0.6507177033492823, lift=3.2881733343875745)]"
"frozenset({'usa', 'organ', 'line', 'distribut'})",0.010429556301926816,"[OrderedStatistic(items_base=frozenset({'usa'}), items_add=frozenset({'line', 'distribut', 'organ'}), confidence=0.38311688311688313, lift=11.229493304622839), OrderedStatistic(items_base=frozenset({'line', 'distribut'}), items_add=frozenset({'usa', 'organ'}), confidence=0.28710462287104627, lift=12.075471015475902), OrderedStatistic(items_base=frozenset({'usa', 'distribut'}), items_add=frozenset({'line', 'organ'}), confidence=0.6704545454545455, lift=3.387906532948963), OrderedStatistic(items_base=frozenset({'usa', 'line'}), items_add=frozenset({'distribut', 'organ'}), confidence=0.6820809248554913, lift=13.057637197656563), OrderedStatistic(items_base=frozenset({'usa', 'organ'}), items_add=frozenset({'line', 'distribut'}), confidence=0.4386617100371747, lift=12.0754710154759), OrderedStatistic(items_base=frozenset({'organ', 'line', 'distribut'}), items_add=frozenset({'usa'}), confidence=0.30569948186528495, lift=11.229493304622837), OrderedStatistic(items_base=frozenset({'usa', 'line', 'organ'}), items_add=frozenset({'distribut'}), confidence=0.6900584795321637, lift=11.089945507708666)]"
"frozenset({'organ', 'line', 'distribut', 'world'})",0.009545695598373696,"[OrderedStatistic(items_base=frozenset({'world'}), items_add=frozenset({'line', 'distribut', 'organ'}), confidence=0.33962264150943394, lift=9.954638772118486), OrderedStatistic(items_base=frozenset({'line', 'distribut'}), items_add=frozenset({'organ', 'world'}), confidence=0.26277372262773724, lift=14.573636753971662), OrderedStatistic(items_base=frozenset({'line', 'world'}), items_add=frozenset({'distribut', 'organ'}), confidence=0.7883211678832116, lift=15.091481714772684), OrderedStatistic(items_base=frozenset({'organ', 'world'}), items_add=frozenset({'line', 'distribut'}), confidence=0.5294117647058824, lift=14.573636753971662), OrderedStatistic(items_base=frozenset({'organ', 'line', 'distribut'}), items_add=frozenset({'world'}), confidence=0.27979274611398963, lift=9.954638772118487), OrderedStatistic(items_base=frozenset({'line', 'organ', 'world'}), items_add=frozenset({'distribut'}), confidence=0.864, lift=13.885363636363637)]"
"frozenset({'nntppostinghost', 'organ', 'univers', 'distribut'})",0.0056567085027399685,"[OrderedStatistic(items_base=frozenset({'nntppostinghost', 'distribut'}), items_add=frozenset({'univers', 'organ'}), confidence=0.39263803680981596, lift=3.1130390668999706), OrderedStatistic(items_base=frozenset({'univers', 'distribut'}), items_add=frozenset({'organ', 'nntppostinghost'}), confidence=0.3062200956937799, lift=3.4201126976104894)]"
"frozenset({'nntppostinghost', 'organ', 'distribut', 'world'})",0.0056567085027399685,"[OrderedStatistic(items_base=frozenset({'world'}), items_add=frozenset({'organ', 'distribut', 'nntppostinghost'}), confidence=0.20125786163522014, lift=14.98047004303211), OrderedStatistic(items_base=frozenset({'nntppostinghost', 'distribut'}), items_add=frozenset({'organ', 'world'}), confidence=0.39263803680981596, lift=21.776013472873814), OrderedStatistic(items_base=frozenset({'distribut', 'world'}), items_add=frozenset({'organ', 'nntppostinghost'}), confidence=0.32160804020100503, lift=3.5919776572894087), OrderedStatistic(items_base=frozenset({'nntppostinghost', 'world'}), items_add=frozenset({'distribut', 'organ'}), confidence=0.8767123287671234, lift=16.783626544282967), OrderedStatistic(items_base=frozenset({'organ', 'world'}), items_add=frozenset({'distribut', 'nntppostinghost'}), confidence=0.3137254901960785, lift=21.776013472873817), OrderedStatistic(items_base=frozenset({'nntppostinghost', 'organ', 'distribut'}), items_add=frozenset({'world'}), confidence=0.4210526315789474, lift=14.98047004303211), OrderedStatistic(items_base=frozenset({'organ', 'distribut', 'world'}), items_add=frozenset({'nntppostinghost'}), confidence=0.37426900584795325, lift=3.390295862420931), OrderedStatistic(items_base=frozenset({'organ', 'nntppostinghost', 'world'}), items_add=frozenset({'distribut'}), confidence=0.9696969696969697, lift=15.584022038567495)]"
"frozenset({'usa', 'organ', 'univers', 'distribut'})",0.00530316422131872,"[OrderedStatistic(items_base=frozenset({'univers', 'distribut'}), items_add=frozenset({'usa', 'organ'}), confidence=0.28708133971291866, lift=12.074491737962683), OrderedStatistic(items_base=frozenset({'usa', 'organ'}), items_add=frozenset({'univers', 'distribut'}), confidence=0.22304832713754646, lift=12.074491737962681), OrderedStatistic(items_base=frozenset({'usa', 'univers'}), items_add=frozenset({'distribut', 'organ'}), confidence=0.5882352941176471, lift=11.261072957101621), OrderedStatistic(items_base=frozenset({'organ', 'univers', 'distribut'}), items_add=frozenset({'usa'}), confidence=0.297029702970297, lift=10.911019673395911), OrderedStatistic(items_base=frozenset({'usa', 'univers', 'organ'}), items_add=frozenset({'distribut'}), confidence=0.5882352941176471, lift=9.453542780748664)]"
"frozenset({'technolog', 'organ', 'line', 'institut'})",0.005391550291674032,"[OrderedStatistic(items_base=frozenset({'institut'}), items_add=frozenset({'technolog', 'line', 'organ'}), confidence=0.26180257510729615, lift=37.02542918454936), OrderedStatistic(items_base=frozenset({'technolog'}), items_add=frozenset({'line', 'organ', 'institut'}), confidence=0.2675438596491228, lift=28.55652101952996), OrderedStatistic(items_base=frozenset({'line', 'institut'}), items_add=frozenset({'technolog', 'organ'}), confidence=0.5495495495495495, lift=45.05509857683771), OrderedStatistic(items_base=frozenset({'organ', 'institut'}), items_add=frozenset({'technolog', 'line'}), confidence=0.35465116279069764, lift=46.65724716062736), OrderedStatistic(items_base=frozenset({'technolog', 'line'}), items_add=frozenset({'organ', 'institut'}), confidence=0.7093023255813953, lift=46.65724716062736), OrderedStatistic(items_base=frozenset({'technolog', 'organ'}), items_add=frozenset({'line', 'institut'}), confidence=0.4420289855072464, lift=45.05509857683771), OrderedStatistic(items_base=frozenset({'organ', 'line', 'institut'}), items_add=frozenset({'technolog'}), confidence=0.5754716981132076, lift=28.556521019529963), OrderedStatistic(items_base=frozenset({'technolog', 'line', 'organ'}), items_add=frozenset({'institut'}), confidence=0.7625, lift=37.02542918454935)]"
"frozenset({'univers', 'organ', 'line', 'nntppostinghost'})",0.02342230864415768,"[OrderedStatistic(items_base=frozenset({'line', 'nntppostinghost'}), items_add=frozenset({'univers', 'organ'}), confidence=0.38405797101449274, lift=3.045011831855621), OrderedStatistic(items_base=frozenset({'line', 'univers'}), items_add=frozenset({'nntppostinghost', 'organ'}), confidence=0.2886710239651416, lift=3.2241105282740494), OrderedStatistic(items_base=frozenset({'organ', 'nntppostinghost'}), items_add=frozenset({'line', 'univers'}), confidence=0.26159921026653504, lift=3.2241105282740494), OrderedStatistic(items_base=frozenset({'univers', 'nntppostinghost'}), items_add=frozenset({'line', 'organ'}), confidence=0.6973684210526316, lift=3.523906349169037)]"
"frozenset({'organ', 'line', 'nntppostinghost', 'world'})",0.00486123386954216,"[OrderedStatistic(items_base=frozenset({'line', 'world'}), items_add=frozenset({'nntppostinghost', 'organ'}), confidence=0.40145985401459855, lift=4.483827036842219), OrderedStatistic(items_base=frozenset({'nntppostinghost', 'world'}), items_add=frozenset({'line', 'organ'}), confidence=0.7534246575342466, lift=3.8071668491927046), OrderedStatistic(items_base=frozenset({'organ', 'world'}), items_add=frozenset({'line', 'nntppostinghost'}), confidence=0.2696078431372549, lift=4.420787155441887), OrderedStatistic(items_base=frozenset({'line', 'organ', 'world'}), items_add=frozenset({'nntppostinghost'}), confidence=0.44, lift=3.985716573258607), OrderedStatistic(items_base=frozenset({'organ', 'nntppostinghost', 'world'}), items_add=frozenset({'line'}), confidence=0.8333333333333333, lift=3.3081871345029232)]"
"frozenset({'univers', 'line', 'organ', 'state'})",0.008573448824465264,"[OrderedStatistic(items_base=frozenset({'state'}), items_add=frozenset({'line', 'univers', 'organ'}), confidence=0.2572944297082228, lift=3.2967487856385422), OrderedStatistic(items_base=frozenset({'line', 'state'}), items_add=frozenset({'univers', 'organ'}), confidence=0.776, lift=6.15253258584443), OrderedStatistic(items_base=frozenset({'organ', 'state'}), items_add=frozenset({'line', 'univers'}), confidence=0.45971563981042657, lift=5.665819987816085), OrderedStatistic(items_base=frozenset({'line', 'organ', 'state'}), items_add=frozenset({'univers'}), confidence=0.8290598290598291, lift=5.0511485761889645)]"
"frozenset({'univers', 'line', 'usa', 'organ'})",0.0056567085027399685,"[OrderedStatistic(items_base=frozenset({'usa', 'univers'}), items_add=frozenset({'line', 'organ'}), confidence=0.627450980392157, lift=3.1706031228927487)]"
"frozenset({'univers', 'line', 'virginia', 'organ'})",0.004596075658476224,"[OrderedStatistic(items_base=frozenset({'virginia'}), items_add=frozenset({'line', 'univers', 'organ'}), confidence=0.5416666666666666, lift=6.940449226123064), OrderedStatistic(items_base=frozenset({'line', 'virginia'}), items_add=frozenset({'univers', 'organ'}), confidence=0.7222222222222222, lift=5.7261543253134), OrderedStatistic(items_base=frozenset({'virginia', 'organ'}), items_add=frozenset({'line', 'univers'}), confidence=0.6499999999999999, lift=8.011002178649235), OrderedStatistic(items_base=frozenset({'univers', 'virginia'}), items_add=frozenset({'line', 'organ'}), confidence=0.8813559322033898, lift=4.453622606944686), OrderedStatistic(items_base=frozenset({'line', 'virginia', 'organ'}), items_add=frozenset({'univers'}), confidence=0.7878787878787877, lift=4.800248037727843), OrderedStatistic(items_base=frozenset({'univers', 'virginia', 'organ'}), items_add=frozenset({'line'}), confidence=0.9285714285714285, lift=3.6862656641604006)]"
"frozenset({'reserv', 'western', 'univers', 'organ'})",0.004949619939897472,"[OrderedStatistic(items_base=frozenset({'reserv'}), items_add=frozenset({'western', 'univers', 'organ'}), confidence=0.7671232876712328, lift=111.27221636810677), OrderedStatistic(items_base=frozenset({'western'}), items_add=frozenset({'reserv', 'univers', 'organ'}), confidence=0.42105263157894735, lift=85.06766917293233), OrderedStatistic(items_base=frozenset({'reserv', 'organ'}), items_add=frozenset({'western', 'univers'}), confidence=0.8749999999999999, lift=113.79022988505746), OrderedStatistic(items_base=frozenset({'western', 'organ'}), items_add=frozenset({'reserv', 'univers'}), confidence=0.5283018867924528, lift=99.62012578616351), OrderedStatistic(items_base=frozenset({'reserv', 'univers'}), items_add=frozenset({'western', 'organ'}), confidence=0.9333333333333333, lift=99.62012578616353), OrderedStatistic(items_base=frozenset({'reserv', 'western'}), items_add=frozenset({'univers', 'organ'}), confidence=0.8115942028985508, lift=6.434741984298672), OrderedStatistic(items_base=frozenset({'western', 'univers'}), items_add=frozenset({'reserv', 'organ'}), confidence=0.6436781609195402, lift=113.79022988505747), OrderedStatistic(items_base=frozenset({'reserv', 'univers', 'organ'}), items_add=frozenset({'western'}), confidence=1.0, lift=85.06766917293233), OrderedStatistic(items_base=frozenset({'reserv', 'western', 'organ'}), items_add=frozenset({'univers'}), confidence=0.8749999999999999, lift=5.331044695745827), OrderedStatistic(items_base=frozenset({'western', 'univers', 'organ'}), items_add=frozenset({'reserv'}), confidence=0.717948717948718, lift=111.27221636810678)]"
"frozenset({'xnewsread', 'version', 'organ', 'tin'})",0.004596075658476224,"[OrderedStatistic(items_base=frozenset({'tin'}), items_add=frozenset({'organ', 'version', 'xnewsread'}), confidence=0.5098039215686274, lift=104.87130124777183), OrderedStatistic(items_base=frozenset({'version'}), items_add=frozenset({'organ', 'xnewsread', 'tin'}), confidence=0.33548387096774196, lift=43.62832777159808), OrderedStatistic(items_base=frozenset({'xnewsread'}), items_add=frozenset({'version', 'organ', 'tin'}), confidence=0.3537414965986394, lift=76.96598639455782), OrderedStatistic(items_base=frozenset({'organ', 'tin'}), items_add=frozenset({'version', 'xnewsread'}), confidence=0.5909090909090909, lift=109.59910581222057), OrderedStatistic(items_base=frozenset({'version', 'organ'}), items_add=frozenset({'xnewsread', 'tin'}), confidence=0.6265060240963854, lift=70.18108075867826), OrderedStatistic(items_base=frozenset({'xnewsread', 'organ'}), items_add=frozenset({'version', 'tin'}), confidence=0.4126984126984127, lift=80.5046524356869), OrderedStatistic(items_base=frozenset({'version', 'tin'}), items_add=frozenset({'organ', 'xnewsread'}), confidence=0.8965517241379309, lift=80.5046524356869), OrderedStatistic(items_base=frozenset({'xnewsread', 'tin'}), items_add=frozenset({'version', 'organ'}), confidence=0.5148514851485149, lift=70.18108075867828), OrderedStatistic(items_base=frozenset({'version', 'xnewsread'}), items_add=frozenset({'organ', 'tin'}), confidence=0.8524590163934426, lift=109.59910581222057), OrderedStatistic(items_base=frozenset({'version', 'organ', 'tin'}), items_add=frozenset({'xnewsread'}), confidence=1.0, lift=76.96598639455782), OrderedStatistic(items_base=frozenset({'xnewsread', 'organ', 'tin'}), items_add=frozenset({'version'}), confidence=0.5977011494252874, lift=43.62832777159808), OrderedStatistic(items_base=frozenset({'xnewsread', 'version', 'organ'}), items_add=frozenset({'tin'}), confidence=0.9454545454545454, lift=104.87130124777184)]"
"frozenset({'organ', 'reserv', 'western', 'univers', 'case'})",0.004949619939897472,"[OrderedStatistic(items_base=frozenset({'case'}), items_add=frozenset({'reserv', 'western', 'univers', 'organ'}), confidence=0.31111111111111106, lift=62.85555555555555), OrderedStatistic(items_base=frozenset({'reserv'}), items_add=frozenset({'case', 'western', 'univers', 'organ'}), confidence=0.7671232876712328, lift=154.986301369863), OrderedStatistic(items_base=frozenset({'western'}), items_add=frozenset({'case', 'reserv', 'univers', 'organ'}), confidence=0.42105263157894735, lift=85.06766917293233), OrderedStatistic(items_base=frozenset({'case', 'organ'}), items_add=frozenset({'reserv', 'western', 'univers'}), confidence=0.56, lift=105.59733333333334), OrderedStatistic(items_base=frozenset({'case', 'reserv'}), items_add=frozenset({'western', 'univers', 'organ'}), confidence=0.8115942028985508, lift=117.72277963582312), OrderedStatistic(items_base=frozenset({'case', 'univers'}), items_add=frozenset({'reserv', 'western', 'organ'}), confidence=0.8749999999999999, lift=154.68359374999997), OrderedStatistic(items_base=frozenset({'case', 'western'}), items_add=frozenset({'reserv', 'univers', 'organ'}), confidence=0.6746987951807228, lift=136.3132530120482), OrderedStatistic(items_base=frozenset({'reserv', 'organ'}), items_add=frozenset({'case', 'western', 'univers'}), confidence=0.8749999999999999, lift=164.9958333333333), OrderedStatistic(items_base=frozenset({'western', 'organ'}), items_add=frozenset({'case', 'reserv', 'univers'}), confidence=0.5283018867924528, lift=99.62012578616351), OrderedStatistic(items_base=frozenset({'reserv', 'univers'}), items_add=frozenset({'case', 'western', 'organ'}), confidence=0.9333333333333333, lift=135.38119658119658), OrderedStatistic(items_base=frozenset({'reserv', 'western'}), items_add=frozenset({'case', 'univers', 'organ'}), confidence=0.8115942028985508, lift=161.09433002796848), OrderedStatistic(items_base=frozenset({'western', 'univers'}), items_add=frozenset({'case', 'reserv', 'organ'}), confidence=0.6436781609195402, lift=113.79022988505747), OrderedStatistic(items_base=frozenset({'case', 'reserv', 'organ'}), items_add=frozenset({'western', 'univers'}), confidence=0.8749999999999999, lift=113.79022988505746), OrderedStatistic(items_base=frozenset({'case', 'univers', 'organ'}), items_add=frozenset({'reserv', 'western'}), confidence=0.9824561403508771, lift=161.09433002796848), OrderedStatistic(items_base=frozenset({'case', 'western', 'organ'}), items_add=frozenset({'reserv', 'univers'}), confidence=0.717948717948718, lift=135.38119658119658), OrderedStatistic(items_base=frozenset({'case', 'reserv', 'univers'}), items_add=frozenset({'western', 'organ'}), confidence=0.9333333333333333, lift=99.62012578616353), OrderedStatistic(items_base=frozenset({'case', 'reserv', 'western'}), items_add=frozenset({'univers', 'organ'}), confidence=0.8115942028985508, lift=6.434741984298672), OrderedStatistic(items_base=frozenset({'case', 'western', 'univers'}), items_add=frozenset({'reserv', 'organ'}), confidence=0.9333333333333333, lift=164.99583333333334), OrderedStatistic(items_base=frozenset({'reserv', 'univers', 'organ'}), items_add=frozenset({'case', 'western'}), confidence=1.0, lift=136.3132530120482), OrderedStatistic(items_base=frozenset({'reserv', 'western', 'organ'}), items_add=frozenset({'case', 'univers'}), confidence=0.8749999999999999, lift=154.68359374999997), OrderedStatistic(items_base=frozenset({'western', 'univers', 'organ'}), items_add=frozenset({'case', 'reserv'}), confidence=0.717948717948718, lift=117.72277963582312), OrderedStatistic(items_base=frozenset({'reserv', 'western', 'univers'}), items_add=frozenset({'case', 'organ'}), confidence=0.9333333333333333, lift=105.59733333333334), OrderedStatistic(items_base=frozenset({'case', 'reserv', 'univers', 'organ'}), items_add=frozenset({'western'}), confidence=1.0, lift=85.06766917293233), OrderedStatistic(items_base=frozenset({'case', 'reserv', 'western', 'organ'}), items_add=frozenset({'univers'}), confidence=0.8749999999999999, lift=5.331044695745827), OrderedStatistic(items_base=frozenset({'case', 'western', 'univers', 'organ'}), items_add=frozenset({'reserv'}), confidence=1.0, lift=154.986301369863), OrderedStatistic(items_base=frozenset({'reserv', 'western', 'univers', 'organ'}), items_add=frozenset({'case'}), confidence=1.0, lift=62.855555555555554)]"
"frozenset({'organ', 'world', 'distribut', 'line', 'nntppostinghost'})",0.004684461728831536,"[OrderedStatistic(items_base=frozenset({'nntppostinghost', 'distribut'}), items_add=frozenset({'line', 'organ', 'world'}), confidence=0.32515337423312884, lift=29.43028220858896), OrderedStatistic(items_base=frozenset({'distribut', 'world'}), items_add=frozenset({'nntppostinghost', 'line', 'organ'}), confidence=0.2663316582914573, lift=4.77539838654445), OrderedStatistic(items_base=frozenset({'line', 'world'}), items_add=frozenset({'nntppostinghost', 'distribut', 'organ'}), confidence=0.3868613138686131, lift=28.79571648098348), OrderedStatistic(items_base=frozenset({'nntppostinghost', 'world'}), items_add=frozenset({'line', 'distribut', 'organ'}), confidence=0.726027397260274, lift=21.280502519696217), OrderedStatistic(items_base=frozenset({'organ', 'world'}), items_add=frozenset({'nntppostinghost', 'line', 'distribut'}), confidence=0.25980392156862747, lift=23.51537254901961), OrderedStatistic(items_base=frozenset({'nntppostinghost', 'line', 'distribut'}), items_add=frozenset({'organ', 'world'}), confidence=0.424, lift=23.51537254901961), OrderedStatistic(items_base=frozenset({'line', 'distribut', 'world'}), items_add=frozenset({'nntppostinghost', 'organ'}), confidence=0.4568965517241379, lift=5.10298873268203), OrderedStatistic(items_base=frozenset({'nntppostinghost', 'organ', 'distribut'}), items_add=frozenset({'line', 'world'}), confidence=0.34868421052631576, lift=28.79571648098348), OrderedStatistic(items_base=frozenset({'nntppostinghost', 'distribut', 'world'}), items_add=frozenset({'line', 'organ'}), confidence=0.7681159420289855, lift=3.88140409473691), OrderedStatistic(items_base=frozenset({'organ', 'distribut', 'world'}), items_add=frozenset({'line', 'nntppostinghost'}), confidence=0.30994152046783624, lift=5.082142554453767), OrderedStatistic(items_base=frozenset({'line', 'nntppostinghost', 'world'}), items_add=frozenset({'distribut', 'organ'}), confidence=0.8833333333333333, lift=16.910377890580936), OrderedStatistic(items_base=frozenset({'line', 'organ', 'world'}), items_add=frozenset({'nntppostinghost', 'distribut'}), confidence=0.424, lift=29.430282208588956), OrderedStatistic(items_base=frozenset({'organ', 'nntppostinghost', 'world'}), items_add=frozenset({'line', 'distribut'}), confidence=0.803030303030303, lift=22.105802551058026), OrderedStatistic(items_base=frozenset({'nntppostinghost', 'organ', 'line', 'distribut'}), items_add=frozenset({'world'}), confidence=0.4568965517241379, lift=16.25574712643678), OrderedStatistic(items_base=frozenset({'organ', 'line', 'distribut', 'world'}), items_add=frozenset({'nntppostinghost'}), confidence=0.49074074074074076, lift=4.445348871689944), OrderedStatistic(items_base=frozenset({'nntppostinghost', 'organ', 'distribut', 'world'}), items_add=frozenset({'line'}), confidence=0.8281249999999999, lift=3.28751096491228), OrderedStatistic(items_base=frozenset({'organ', 'line', 'nntppostinghost', 'world'}), items_add=frozenset({'distribut'}), confidence=0.9636363636363636, lift=15.486621900826448)]"
